{
  "SX127x_conf":
  {
    "freq": 868100000,
    "spread_factor": 7,
    "pin_nss": 11,
    "pin_dio0": 7,
    "pin_rst": 25
  },
  "gateway_conf":
  {
    "ref_latitude": -34.00420304,
    "ref_longitude": 18.47100000,
    "ref_altitude": 10,

    "name": "SC Gateway",
    "email": "contact@whatever.com",
    "desc": "Dragino Single Channel Gateway on RPI",

    "servers":
    [
      {
        "address": "router.eu.staging.thethings.network",
        "port": 1700,
        "enabled": true
      },
      {
        "address": "router.eu.thethings.network",
        "port": 1700,
        "enabled": false
      }
    ]
  }
}

